,holiday,workingday,temp,atemp,humidity,windspeed,count,season_1.0,season_2.0,season_3.0,season_4.0,month_1.0,month_2.0,month_3.0,month_4.0,month_5.0,month_6.0,month_7.0,month_8.0,month_9.0,month_10.0,month_11.0,month_12.0,day_of_week_0.0,day_of_week_1.0,day_of_week_2.0,day_of_week_3.0,day_of_week_4.0,day_of_week_5.0,day_of_week_6.0,weather_1.0,weather_2.0,weather_3.0,temp_norm,atemp_norm,humidity_norm,windspeed_norm
0,0.0,1.0,24.0,26.0,76.5833,0.118167,6073.0,0,1,0,0,0,0,0,0,1,0,0,0,0,0,0,0,0,0,1,0,0,0,0,0,1,0,0.6237984004347147,0.6501056228195711,0.9206640387013577,-0.9287579609233578
1,0.0,1.0,15.0,19.0,73.375,0.174129,6606.0,0,0,0,1,0,0,0,0,0,0,0,0,0,0,0,1,0,0,1,0,0,0,0,1,0,0,-0.1803103987409734,-0.0547585456750225,0.6968518804599256,-0.21350154950424685
2,0.0,1.0,26.0,28.0,56.9583,0.253733,7363.0,0,1,0,0,0,0,0,0,0,1,0,0,0,0,0,0,0,0,0,0,1,0,0,1,0,0,0.8024892446959787,0.8514953852465978,-0.4483829972641412,0.8039258364827959
3,0.0,0.0,0.0,4.0,58.62500000000001,0.169779,2431.0,0,0,0,1,0,0,0,0,0,0,0,0,0,0,0,1,1,0,0,0,0,0,0,1,0,0,-1.5204917307004537,-1.565181763877723,-0.33211340771796516,-0.26909937284281815
4,0.0,1.0,23.0,23.0,91.7083,0.097021,1996.0,0,0,1,0,0,0,0,0,0,0,0,0,1,0,0,0,0,0,0,1,0,0,0,0,0,1,0.5344529783040827,0.34802097917903096,1.9757894613244495,-1.199027287892882
5,0.0,1.0,24.0,26.0,69.7083,0.342667,4451.0,0,1,0,0,0,0,0,0,1,0,0,0,0,0,0,0,0,0,1,0,0,0,0,0,1,0,0.6237984004347147,0.6501056228195711,0.4410615738726795,1.9406009676994647
6,0.0,1.0,7.0,11.0,33.3478,0.347835,5315.0,0,0,0,1,0,0,0,0,0,0,0,0,0,0,1,0,0,0,0,0,1,0,0,1,0,0,-0.8950737757860295,-0.8603175953831295,-2.095459942113233,2.0066537380474503
7,0.0,1.0,23.0,26.0,50.7083,0.269283,4891.0,0,1,0,0,0,0,0,0,0,1,0,0,0,0,0,0,0,0,1,0,0,0,0,1,0,0,0.5344529783040827,0.6501056228195711,-0.884385238017485,1.0026720785321719
8,0.0,0.0,23.0,26.0,50.1667,0.247521,8714.0,0,0,1,0,0,0,0,0,0,0,0,0,1,0,0,0,0,0,0,0,0,0,1,1,0,0,0.5344529783040827,0.6501056228195711,-0.9221674481922069,0.7245295885335533
9,0.0,1.0,30.0,30.0,61.9583,0.169771,7347.0,0,0,1,0,0,0,0,0,0,0,0,1,0,0,0,0,0,0,0,1,0,0,0,1,0,0,1.1598709332185069,1.0528851476736245,-0.09958120466146622,-0.26920162171332596
10,0.0,0.0,26.0,27.0,84.5833,0.228858,5255.0,0,0,1,0,0,0,0,0,0,0,0,1,0,0,0,0,1,0,0,0,0,0,0,0,1,0,0.8024892446959787,0.7508005040330845,1.4787469068656376,0.48599575474786205
11,0.0,0.0,30.0,30.0,56.1765,0.304659,4334.0,0,0,1,0,0,0,0,0,0,0,0,1,0,0,0,0,1,0,0,0,0,0,0,1,0,0,1.1598709332185069,1.0528851476736245,-0.5029216455554958,1.454816583917299
12,0.0,1.0,2.0,5.0,49.5,0.230725,2210.0,0,1,0,0,0,0,1,0,0,0,0,0,0,0,0,0,0,0,0,0,0,1,0,1,0,0,-1.3418008864391897,-1.4644868826642097,-0.9686766792178475,0.5098580849026008
13,0.0,1.0,22.0,25.0,52.0,0.229475,7384.0,0,1,0,0,0,0,0,0,1,0,0,0,0,0,0,0,0,0,0,0,1,0,0,1,0,0,0.4451075561734507,0.5494107416060577,-0.79427578291651,0.4938816988857698
14,0.0,0.0,12.0,16.0,74.125,0.099513,4381.0,0,0,0,1,0,0,0,0,0,0,0,0,0,1,0,0,1,0,0,0,0,0,0,1,0,0,-0.44834666513286947,-0.35684318931556264,0.7491721493503268,-1.167176764729728
15,0.0,0.0,23.0,25.0,54.75,0.224496,8227.0,0,0,1,0,0,0,0,0,0,0,0,0,1,0,0,0,1,0,0,0,0,0,0,1,0,0,0.5344529783040827,0.5494107416060577,-0.6024347969850388,0.430244558103529
16,0.0,0.0,6.0,10.0,59.4583,0.220775,2132.0,1,0,0,0,0,0,1,0,0,0,0,0,0,0,0,0,0,0,0,0,0,0,1,1,0,0,-0.9844191979166615,-0.9610124765966428,-0.27398210096280373,0.3826860522086269
17,0.0,1.0,21.0,24.0,52.0,0.092054,7767.0,0,0,1,0,0,0,0,0,0,0,0,0,1,0,0,0,0,0,1,0,0,0,0,1,0,0,0.35576213404281865,0.44871586039254435,-0.79427578291651,-1.2625110553693613
18,0.0,1.0,11.0,14.0,40.7083,0.4148,4569.0,1,0,0,0,0,0,1,0,0,0,0,0,0,0,0,0,0,0,0,0,0,1,0,0,1,0,-0.5376920872635015,-0.5582329517425894,-1.581988823222835,2.862540689741113
19,0.0,0.0,7.0,11.0,87.75,0.13308299999999998,2455.0,0,1,0,0,0,0,0,1,0,0,0,0,0,0,0,0,0,0,0,0,0,0,1,0,1,0,-0.8950737757860295,-0.8603175953831295,1.6996570341926163,-0.7381149418617188
20,0.0,1.0,7.0,12.0,61.375,0.103246,5146.0,0,0,0,1,0,0,0,0,0,0,0,0,0,0,1,0,0,0,0,1,0,0,0,1,0,0,-0.8950737757860295,-0.7596227141696161,-0.14027242178649438,-1.1194648855290643
21,0.0,0.0,6.0,10.0,53.2917,0.179108,5107.0,0,0,0,1,0,0,0,0,0,0,0,0,0,0,1,0,1,0,0,0,0,0,0,1,0,0,-0.9844191979166615,-0.9610124765966428,-0.704166327815535,-0.14986440872200638
22,1.0,0.0,5.0,9.0,50.6957,0.239465,1317.0,1,0,0,0,0,0,0,0,0,0,0,0,0,0,0,1,0,1,0,0,0,0,0,1,0,0,-1.0737646200472937,-1.0617073578101561,-0.8852642185348436,0.6215649759322821
23,0.0,1.0,-4.0,1.0,60.375,0.187192,1501.0,1,0,0,0,1,0,0,0,0,0,0,0,0,0,0,0,0,1,0,0,0,0,0,0,1,0,-1.8778734192229818,-1.8672664075182632,-0.21003278030702938,-0.04654192507395774
24,0.0,1.0,11.0,14.0,97.0417,0.266175,705.0,0,0,0,1,0,0,0,0,0,0,0,0,0,0,0,1,0,0,0,1,0,0,0,0,0,1,-0.5376920872635015,-0.5582329517425894,2.347849357457872,0.9629483923399237
25,0.0,1.0,14.0,18.0,48.9167,0.207713,5298.0,1,0,0,0,0,0,1,0,0,0,0,0,0,0,0,0,0,1,0,0,0,0,0,1,0,0,-0.26965582087160544,-0.15545342688853586,-1.0093678963428756,0.21573920888715126
26,0.0,1.0,11.0,14.0,64.2083,0.388067,1795.0,0,1,0,0,0,0,0,1,0,0,0,0,0,0,0,0,0,0,1,0,0,0,0,0,1,0,-0.5376920872635015,-0.5582329517425894,0.05737960200973703,2.5208633078307616
27,0.0,0.0,18.0,22.0,63.1667,0.074637,4333.0,0,1,0,0,0,0,0,0,1,0,0,0,0,0,0,0,1,0,0,0,0,0,0,1,0,0,0.08772586765092262,0.2473260979655176,-0.015282787425251907,-1.4851196275734757
28,1.0,0.0,30.0,31.0,79.0833,0.151121,6034.0,0,0,1,0,0,0,0,0,0,0,0,0,1,0,0,0,0,1,0,0,0,0,0,1,0,0,1.1598709332185069,1.153580028887138,1.095064935002695,-0.5075693010844424
29,0.0,0.0,8.0,11.0,69.6087,0.248539,801.0,1,0,0,0,1,0,0,0,0,0,0,0,0,0,0,0,1,0,0,0,0,0,0,0,1,0,-0.8057283536553975,-0.8603175953831295,0.4341134421640346,0.7375407573056606
30,0.0,0.0,24.0,26.0,57.62500000000001,0.225117,6118.0,0,1,0,0,0,0,0,0,1,0,0,0,0,0,0,0,1,0,0,0,0,0,0,1,0,0,0.6237984004347147,0.6501056228195711,-0.40187376623850013,0.43818162667669075
31,0.0,1.0,-2.0,3.0,79.30430000000001,0.1233,1167.0,1,0,0,0,1,0,0,0,0,0,0,0,0,0,0,0,0,0,0,0,0,1,0,0,1,0,-1.6991825749617178,-1.6658766450912363,1.1104819742357346,-0.8631525293838435
32,0.0,1.0,2.0,5.0,91.8333,0.217646,1685.0,0,1,0,0,0,0,1,0,0,0,0,0,0,0,0,0,0,0,0,0,1,0,0,0,0,1,-1.3418008864391897,-1.4644868826642097,1.9845095061395164,0.342693962731296
33,0.0,0.0,6.0,9.0,51.91670000000001,0.189062,3926.0,0,0,0,1,0,0,0,0,0,0,0,0,0,0,1,0,0,0,0,0,0,0,1,1,0,0,-0.9844191979166615,-1.0617073578101561,-0.8000868207812697,-0.022641251592778636
34,0.0,1.0,5.0,9.0,65.5652,0.184309,2056.0,1,0,0,0,0,0,1,0,0,0,0,0,0,0,0,0,0,0,1,0,0,0,0,0,1,0,-1.0737646200472937,-1.0617073578101561,0.15203743248625168,-0.0833898617831764
35,1.0,0.0,31.0,31.0,63.7917,0.081479,6043.0,0,0,1,0,0,0,0,0,0,0,1,0,0,0,0,0,0,1,0,0,0,0,0,0,1,0,1.2492163553491389,1.153580028887138,0.02831743665008247,-1.3976712810717502
36,0.0,1.0,12.0,16.0,92.5,0.190308,5170.0,0,0,0,1,0,0,0,0,0,0,0,0,0,0,0,1,0,1,0,0,0,0,0,0,1,0,-0.44834666513286947,-0.35684318931556264,2.0310187371651574,-0.006715990011201673
37,0.0,1.0,28.0,29.0,77.0417,0.171025,4835.0,0,0,1,0,0,0,0,0,0,1,0,0,0,0,0,0,0,0,1,0,0,0,0,0,1,0,0.9811800889572427,0.9521902664601112,0.9526421870471717,-0.2531741112612412
38,0.0,1.0,10.0,14.0,56.7917,0.234471,4773.0,1,0,0,0,0,1,0,0,0,0,0,0,0,0,0,0,0,0,0,1,0,0,0,1,0,0,-0.6270375093941335,-0.5582329517425894,-0.46000507299366256,0.5577361185178394
39,0.0,1.0,27.0,28.0,71.20830000000002,0.208954,4338.0,0,0,1,0,0,0,0,0,0,0,0,1,0,0,0,0,0,1,0,0,0,0,0,1,0,0,0.8918346668266107,0.8514953852465978,0.545702111653484,0.23160056492466086
40,0.0,1.0,30.0,31.0,67.75,0.141179,7580.0,0,0,1,0,0,0,0,0,0,0,0,1,0,0,0,0,0,0,0,1,0,0,0,1,0,0,1.1598709332185069,1.153580028887138,0.30444986378191624,-0.6346390849079084
41,0.0,1.0,37.0,36.0,45.0833,0.146142,6207.0,0,0,1,0,0,0,0,0,0,0,1,0,0,0,0,0,0,0,0,0,0,1,0,1,0,0,1.785288888132931,1.6570544349547047,-1.2767872546954944,-0.5712064418666832
42,0.0,1.0,30.0,30.0,59.0417,0.07711699999999999,7713.0,0,0,1,0,0,0,0,0,0,0,0,1,0,0,0,0,0,0,0,0,1,0,0,1,0,0,1.1598709332185069,1.0528851476736245,-0.3030442663224588,-1.4534224777160833
43,0.0,0.0,5.0,9.0,65.375,0.197146,2252.0,0,1,0,0,0,0,0,1,0,0,0,0,0,0,0,0,0,0,0,0,0,0,1,0,1,0,-1.0737646200472937,-1.0617073578101561,0.13876901229564562,0.08068123205526964
44,0.0,1.0,24.0,25.0,87.25,0.357587,4073.0,0,0,1,0,0,0,0,0,0,0,0,0,1,0,0,0,0,0,1,0,0,0,0,0,1,0,0.6237984004347147,0.5494107416060577,1.6647768549323487,2.1312951111963576
45,0.0,1.0,6.0,10.0,54.2083,0.167908,4098.0,1,0,0,0,1,0,0,0,0,0,0,0,0,0,0,0,0,0,0,0,0,1,0,1,0,0,-0.9844191979166615,-0.9610124765966428,-0.6402239831956125,-0.2930128274328107
46,0.0,0.0,18.0,22.0,46.7083,0.223258,7907.0,0,0,0,1,0,0,0,0,0,0,0,0,1,0,0,0,1,0,0,0,0,0,0,1,0,0,0.08772586765092262,0.2473260979655176,-1.163426672099625,0.4144215453924599
47,0.0,1.0,15.0,19.0,59.0,0.228246,4608.0,0,1,0,0,0,0,0,0,1,0,0,0,0,0,0,0,0,0,0,0,0,1,0,1,0,0,-0.1803103987409734,-0.0547585456750225,-0.305953273272765,0.47817371615402166
48,0.0,1.0,8.0,11.0,39.5833,0.193417,4363.0,1,0,0,0,0,1,0,0,0,0,0,0,0,0,0,0,0,0,1,0,0,0,0,1,0,0,-0.8057283536553975,-0.8603175953831295,-1.6604692265584369,0.03302047728986005
49,0.0,0.0,9.0,14.0,90.5417,0.157975,3228.0,0,0,0,1,0,0,0,0,0,0,0,0,0,0,0,1,1,0,0,0,0,0,0,0,1,0,-0.7163829315247655,-0.5582329517425894,1.8944070270743942,-0.41996758127695544
50,0.0,1.0,7.0,11.0,53.125,0.1816,4169.0,1,0,0,0,0,1,0,0,0,0,0,0,0,0,0,0,0,0,0,1,0,0,0,1,0,0,-0.8950737757860295,-0.8603175953831295,-0.7157953795809081,-0.11801388555885209
51,0.0,0.0,7.0,12.0,55.2917,0.212062,4067.0,0,0,0,1,0,0,0,0,0,0,0,0,0,0,1,0,0,0,0,0,0,0,1,1,0,0,-0.8950737757860295,-0.7596227141696161,-0.5646456107744651,0.2713242511169091
52,0.0,1.0,9.0,13.0,80.2917,0.180967,4097.0,1,0,0,0,1,0,0,0,0,0,0,0,0,0,0,0,0,0,0,0,1,0,0,0,1,0,-0.7163829315247655,-0.6589278329561027,1.1793633522389104,-0.12610432743777553
53,0.0,1.0,-5.0,-1.0,47.04170000000001,0.301,1406.0,1,0,0,0,1,0,0,0,0,0,0,0,0,0,0,0,0,0,0,0,1,0,0,1,0,0,-1.9672188413536138,-2.06865616994529,-1.1401685685688778,1.4080505067688314
54,0.0,1.0,17.0,21.0,49.2917,0.142404,7436.0,0,0,0,1,0,0,0,0,0,0,0,0,1,0,0,0,0,1,0,0,0,0,0,1,0,0,-0.0016195544797093877,0.14663121675200425,-0.983207761897675,-0.6189822266114141
55,0.0,1.0,21.0,24.0,50.7083,0.11506199999999997,6312.0,1,0,0,0,0,0,1,0,0,0,0,0,0,0,0,0,0,0,0,1,0,0,0,1,0,0,0.35576213404281865,0.44871586039254435,-0.884385238017485,-0.968443303789166
56,0.0,1.0,26.0,27.0,71.6667,0.172896,6770.0,0,1,0,0,0,0,0,0,1,0,0,0,0,0,0,0,0,0,0,0,1,0,0,1,0,0,0.8024892446959787,0.7508005040330845,0.5776802599992961,-0.22926065667124895
57,0.0,1.0,-1.0,3.0,57.75,0.154846,2729.0,1,0,0,0,0,0,0,0,0,0,0,0,0,0,0,1,0,1,0,0,0,0,0,0,1,0,-1.6098371528310857,-1.6658766450912363,-0.39315372142343374,-0.45995967075428634
58,0.0,1.0,34.0,35.0,57.375,0.182842,5823.0,0,0,1,0,0,0,0,0,0,1,0,0,0,0,0,0,0,0,0,0,0,1,0,1,0,0,1.517252621741035,1.5563595537411914,-0.4193138558686344,-0.10213974841252904
59,0.0,0.0,29.0,31.0,69.91669999999999,0.143679,6969.0,0,0,1,0,0,0,0,0,0,0,1,0,0,0,0,0,0,0,0,0,0,0,1,0,1,0,1.0705255110878749,1.153580028887138,0.45559963258835884,-0.6026863128742467
60,0.0,0.0,28.0,29.0,85.0,0.375617,1115.0,0,0,1,0,0,0,0,0,0,0,0,1,0,0,0,0,0,0,0,0,0,0,1,0,1,0,0.9811800889572427,0.9521902664601112,1.507816048261145,2.3617385031031257
61,0.0,1.0,23.0,25.0,77.6667,0.185333,4073.0,0,1,0,0,0,0,0,1,0,0,0,0,0,0,0,0,0,1,0,0,0,0,0,1,0,0,0.5344529783040827,0.5494107416060577,0.9962424111225061,-0.07030200635818859
62,0.0,0.0,15.0,18.0,81.0,0.126883,5892.0,1,0,0,0,0,0,1,0,0,0,0,0,0,0,0,0,1,0,0,0,0,0,0,0,1,0,-0.1803103987409734,-0.15545342688853586,1.228774614179005,-0.8173578165051997
63,0.0,1.0,-0.0,5.0,79.1304,0.07723,920.0,1,0,0,0,0,0,0,0,0,0,0,0,0,0,0,1,0,1,0,0,0,0,0,0,1,0,-1.5204917307004537,-1.4644868826642097,1.0983506478890124,-1.451978212420162
64,0.0,0.0,7.0,12.0,73.4583,0.092054,3649.0,0,0,0,1,0,0,0,0,0,0,0,0,0,0,1,0,1,0,0,0,0,0,0,1,0,0,-0.8950737757860295,-0.7596227141696161,0.7026629183246857,-1.2625110553693613
65,0.0,1.0,5.0,10.0,50.875,0.141179,3922.0,1,0,0,0,0,1,0,0,0,0,0,0,0,0,0,0,0,0,1,0,0,0,0,0,1,0,-1.0737646200472937,-0.9610124765966428,-0.8727561862521119,-0.6346390849079084
66,0.0,1.0,27.0,27.0,74.0833,0.207092,4492.0,0,1,0,0,0,0,0,0,1,0,0,0,0,0,0,0,0,0,1,0,0,0,0,0,1,0,0.8918346668266107,0.7508005040330845,0.7462631424000201,0.20780214031398955
67,0.0,1.0,30.0,31.0,71.5833,0.238813,5786.0,0,0,1,0,0,0,0,0,0,0,0,1,0,0,0,0,0,0,0,0,0,1,0,0,1,0,1.1598709332185069,1.153580028887138,0.5718622460986826,0.613231692985903
68,0.0,0.0,-0.0,5.0,49.875,0.15796300000000002,1248.0,1,0,0,0,1,0,0,0,0,0,0,0,0,0,0,0,0,0,0,0,0,0,1,0,1,0,-1.5204917307004537,-1.4644868826642097,-0.9425165447726469,-0.4201209545827168
69,0.0,1.0,9.0,13.0,62.3333,0.235067,5499.0,0,0,0,1,0,0,0,0,0,0,0,0,0,0,1,0,0,1,0,0,0,0,0,0,1,0,-0.7163829315247655,-0.6589278329561027,-0.07342107021626561,0.5653536593706642
70,0.0,0.0,16.0,20.0,27.5833,0.232596,5169.0,0,1,0,0,0,0,0,1,0,0,0,0,0,0,0,0,1,0,0,0,0,0,0,1,0,0,-0.0909649766103414,0.04593633553849087,-2.497593528804857,0.5337715394925929
71,0.0,1.0,4.0,7.0,69.7391,0.250496,1807.0,1,0,0,0,0,1,0,0,0,0,0,0,0,0,0,0,0,0,0,0,1,0,0,0,1,0,-1.1631100421779257,-1.263097120237183,0.44321019291511193,0.7625533872536109
72,0.0,1.0,1.0,5.0,45.6667,0.200875,3956.0,1,0,0,0,0,0,1,0,0,0,0,0,0,0,0,0,0,0,1,0,0,0,0,1,0,0,-1.4311463085698217,-1.4644868826642097,-1.2360890615346145,0.1283419868206796
73,0.0,1.0,34.0,36.0,58.3333,0.178479,4390.0,0,0,1,0,0,0,0,0,0,0,1,0,0,0,0,0,0,0,0,0,1,0,0,1,0,0,1.517252621741035,1.6570544349547047,-0.3524625042984056,-0.15790372616567555
74,0.0,0.0,-1.0,5.0,49.0,0.06654199999999999,2743.0,0,0,0,1,0,0,0,0,0,0,0,0,0,0,0,1,1,0,0,0,0,0,0,1,0,0,-1.6098371528310857,-1.4644868826642097,-1.003556858478115,-1.5885827034184725
75,0.0,1.0,12.0,16.0,84.20830000000002,0.113192,4378.0,1,0,0,0,0,0,1,0,0,0,0,0,0,0,0,0,0,0,0,0,0,1,0,0,1,0,-0.44834666513286947,-0.35684318931556264,1.452586772420439,-0.9923439772703446
76,0.0,1.0,19.0,22.0,74.75,0.189667,4864.0,0,1,0,0,0,0,0,0,1,0,0,0,0,0,0,0,0,0,0,0,1,0,0,1,0,0,0.17707128978155465,0.2473260979655176,0.7927723734256612,-0.014908680760632571
77,1.0,0.0,-3.0,1.0,52.25,0.231358,2298.0,1,0,0,0,1,0,0,0,0,0,0,0,0,0,0,0,0,1,0,0,0,0,0,1,0,0,-1.7885279970923498,-1.8672664075182632,-0.7768356932863762,0.5179485267815238
78,0.0,1.0,31.0,30.0,57.3333,0.222025,4991.0,0,0,1,0,0,0,0,0,0,1,0,0,0,0,0,0,0,0,0,0,0,1,0,1,0,0,1.2492163553491389,1.0528851476736245,-0.4222228628189406,0.39866243822545777
79,0.0,1.0,31.0,32.0,66.875,0.153617,7105.0,0,0,1,0,0,0,0,0,0,0,1,0,0,0,0,0,0,1,0,0,0,0,0,1,0,0,1.2492163553491389,1.2542749101006514,0.24340955007644813,-0.47566765348603457
80,0.0,1.0,33.0,35.0,63.5833,0.282337,4086.0,0,0,1,0,0,0,0,0,0,0,1,0,0,0,0,0,0,1,0,0,0,0,0,1,0,0,1.427907199610403,1.5563595537411914,0.01377937793440315,1.16951667298314
81,0.0,1.0,25.0,25.0,84.875,0.14862899999999998,3907.0,0,0,0,1,0,0,0,0,0,0,0,0,1,0,0,0,0,0,0,1,0,0,0,0,1,0,0.7131438225653467,0.5494107416060577,1.499096003446078,-0.5394198242475967
82,0.0,0.0,-7.0,-5.0,46.4583,0.409212,1529.0,1,0,0,0,0,1,0,0,0,0,0,0,0,0,0,0,1,0,0,0,0,0,0,1,0,0,-2.145909685614878,-2.4714356947993434,-1.1808667617297588,2.7911198536914728
83,0.0,0.0,22.0,25.0,54.9167,0.186562,8120.0,0,1,0,0,0,0,0,0,0,1,0,0,0,0,0,0,0,0,0,0,0,0,1,1,0,0,0.4451075561734507,0.5494107416060577,-0.5908057452196657,-0.054594023626440384
84,0.0,1.0,11.0,14.0,73.70830000000002,0.328996,2633.0,0,1,0,0,0,0,0,0,1,0,0,0,0,0,0,0,0,0,0,1,0,0,0,0,1,0,-0.5376920872635015,-0.5582329517425894,0.7201030079548215,1.7658704291105891
85,0.0,1.0,18.0,21.0,82.9583,0.10821300000000003,4575.0,0,1,0,0,0,0,0,0,1,0,0,0,0,0,0,0,0,0,0,0,1,0,0,0,1,0,0.08772586765092262,0.14663121675200425,1.3653863242697684,-1.0559811180525849
86,0.0,1.0,8.0,12.0,58.16670000000001,0.157346,5986.0,0,0,0,1,0,0,0,0,0,0,0,0,0,0,1,0,0,0,0,0,1,0,0,0,1,0,-0.8057283536553975,-0.7596227141696161,-0.36408458002792593,-0.4280068987206246
87,1.0,0.0,4.0,7.0,60.5,0.307846,1107.0,1,0,0,0,0,1,0,0,0,0,0,0,0,0,0,0,0,1,0,0,0,0,0,0,1,0,-1.1631100421779257,-1.263097120237183,-0.20131273549196252,1.4955499777058108
88,0.0,1.0,34.0,35.0,57.04169999999999,0.151121,4602.0,0,0,1,0,0,0,0,0,0,0,0,1,0,0,0,0,0,0,1,0,0,0,0,1,0,0,1.517252621741035,1.5563595537411914,-0.4425649833635293,-0.5075693010844424
89,0.0,0.0,14.0,17.0,88.79169999999998,0.230725,4036.0,0,1,0,0,0,0,0,1,0,0,0,0,0,0,0,0,0,0,0,0,0,0,1,0,1,0,-0.26965582087160544,-0.25614830810204925,1.772326399663456,0.5098580849026008
90,0.0,1.0,23.0,22.0,97.25,0.07836699999999999,2395.0,0,0,0,1,0,0,0,0,0,0,0,0,1,0,0,0,0,0,0,0,0,1,0,0,1,0,0.5344529783040827,0.2473260979655176,2.3623804401376987,-1.4374460916992524
91,0.0,1.0,9.0,14.0,76.0833,0.083346,3570.0,0,0,0,1,0,0,0,0,0,0,0,0,0,1,0,0,0,1,0,0,0,0,0,0,1,0,-0.7163829315247655,-0.5582329517425894,0.8857838594410902,-1.3738089509170117
92,0.0,1.0,21.0,23.0,64.75,0.206475,5202.0,0,0,0,1,0,0,0,0,0,0,0,0,1,0,0,0,0,0,0,0,0,1,0,1,0,0,0.35576213404281865,0.34802097917903096,0.09516878822031125,0.19991619617608178
93,0.0,1.0,3.0,9.0,69.58330000000001,0.082717,3620.0,0,0,0,1,0,0,0,0,0,0,0,0,0,0,0,1,0,0,0,0,0,1,0,1,0,0,-1.2524554643085577,-1.0617073578101561,0.43234152905761364,-1.381848268360681
94,0.0,1.0,27.0,28.0,69.7083,0.1673,4785.0,0,0,1,0,0,0,0,0,0,0,0,0,1,0,0,0,0,0,0,1,0,0,0,1,0,0,0.8918346668266107,0.8514953852465978,0.4410615738726795,-0.3007837415913972
95,0.0,0.0,32.0,31.0,44.4583,0.11506199999999997,5119.0,0,0,1,0,0,0,0,0,0,0,1,0,0,0,0,0,0,0,0,0,0,0,1,1,0,0,1.338561777479771,1.153580028887138,-1.3203874787708287,-0.968443303789166
96,0.0,0.0,12.0,16.0,88.83330000000002,0.340808,795.0,0,1,0,0,0,0,0,1,0,0,0,0,0,0,0,0,0,0,0,0,0,0,1,0,0,1,-0.44834666513286947,-0.35684318931556264,1.7752284305779134,1.9168408864152338
97,0.0,1.0,6.0,9.0,58.58330000000001,0.229479,3747.0,0,0,0,1,0,0,0,0,0,0,0,0,0,1,0,0,0,0,0,0,0,1,0,0,1,0,-0.9844191979166615,-1.0617073578101561,-0.3350224146682714,0.4939328233210234
98,0.0,1.0,20.0,22.0,83.125,0.117562,6871.0,0,1,0,0,0,0,1,0,0,0,0,0,0,0,0,0,0,0,0,0,1,0,0,1,0,0,0.26641671191218663,0.2473260979655176,1.3770153760351418,-0.9364905317555039
99,0.0,1.0,6.0,10.0,66.79169999999999,0.132463,4128.0,0,0,0,1,0,0,0,0,0,0,0,0,0,0,0,1,0,0,0,0,1,0,0,0,1,0,-0.9844191979166615,-0.9610124765966428,0.23759851221168699,-0.7460392293260666
100,0.0,0.0,37.0,39.0,57.375,0.125629,4672.0,0,0,1,0,0,0,0,0,0,0,1,0,0,0,0,0,1,0,0,0,0,0,0,1,0,0,1.785288888132931,1.959139078595245,-0.4193138558686344,-0.8333853269572844
101,0.0,1.0,25.0,27.0,55.45830000000001,0.159825,4634.0,0,0,1,0,0,0,0,0,0,0,0,1,0,0,0,0,0,1,0,0,0,0,0,1,0,0,0.7131438225653467,0.7508005040330845,-0.5530235350449433,-0.39632252997204587
102,0.0,1.0,28.0,29.0,72.2917,0.139308,4153.0,0,0,1,0,0,0,0,0,0,0,0,1,0,0,0,0,0,0,0,0,0,1,0,0,1,0,0.9811800889572427,0.9521902664601112,0.6212804840746304,-0.6585525394979009
103,0.0,1.0,24.0,26.0,35.4167,0.253121,5312.0,0,1,0,0,0,0,0,0,0,1,0,0,0,0,0,0,0,0,0,0,0,1,0,1,0,0,0.6237984004347147,0.6501056228195711,-1.951132736370098,0.7961037978889555
104,0.0,1.0,13.0,16.0,75.79169999999998,0.335825,2566.0,0,0,0,1,0,0,0,0,0,0,0,0,0,0,1,0,0,0,0,1,0,0,0,0,1,0,-0.35900124300223746,-0.35684318931556264,0.865441738896501,1.8531526211977392
105,0.0,1.0,32.0,34.0,75.7083,0.090808,3840.0,0,0,1,0,0,0,0,0,0,0,1,0,0,0,0,0,0,1,0,0,0,0,0,1,0,0,1.338561777479771,1.455664672527678,0.8596237249958896,-1.2784363169509383
106,0.0,1.0,14.0,18.0,39.6667,0.100133,6772.0,0,1,0,0,0,0,0,1,0,0,0,0,0,0,0,0,0,0,1,0,0,0,0,1,0,0,-0.26965582087160544,-0.15545342688853586,-1.6546512126578243,-1.15925247726538
107,0.0,1.0,23.0,25.0,66.875,0.154229,8167.0,0,0,1,0,0,0,0,0,0,0,0,0,1,0,0,0,0,0,0,0,0,1,0,1,0,0,0.5344529783040827,0.5494107416060577,0.24340955007644813,-0.4678456148921942
108,0.0,0.0,12.0,16.0,62.91670000000001,0.092667,4308.0,0,0,0,1,0,0,0,0,0,0,0,0,0,1,0,0,0,0,0,0,0,0,1,1,0,0,-0.44834666513286947,-0.35684318931556264,-0.032722877055384667,-1.2546762356667074
109,0.0,1.0,34.0,35.0,63.6667,0.111329,3982.0,0,1,0,0,0,0,0,0,1,0,0,0,0,0,0,0,0,0,1,0,0,0,0,1,0,0,1.517252621741035,1.5563595537411914,0.019597391835015594,-1.0161551829898294
110,0.0,1.0,28.0,28.0,60.0,0.121896,4548.0,0,1,0,0,0,0,0,0,0,1,0,0,0,0,0,0,0,1,0,0,0,0,0,1,0,0,0.9811800889572427,0.8514953852465978,-0.23619291475223,-0.881097206157948
111,0.0,1.0,13.0,16.0,43.5,0.249375,5918.0,0,1,0,0,0,0,0,1,0,0,0,0,0,0,0,0,0,0,1,0,0,0,0,1,0,0,-0.35900124300223746,-0.35684318931556264,-1.3872388303410574,0.7482257642737171
112,0.0,1.0,25.0,27.0,49.4583,0.30535,5020.0,0,1,0,0,0,0,0,0,0,1,0,0,0,0,0,0,0,1,0,0,0,0,0,1,0,0,0.7131438225653467,0.7508005040330845,-0.9715856861681538,1.463648330107403
113,0.0,1.0,26.0,27.0,73.5833,0.143029,4844.0,0,1,0,0,0,0,0,0,0,1,0,0,0,0,0,0,0,0,0,0,0,1,0,1,0,0,0.8024892446959787,0.7508005040330845,0.7113829631397527,-0.6109940336029989
114,0.0,1.0,30.0,30.0,67.75,0.199642,4677.0,0,1,0,0,0,0,0,0,1,0,0,0,0,0,0,0,0,0,0,0,1,0,0,1,0,0,1.1598709332185069,1.0528851476736245,0.30444986378191624,0.11258287965367748
115,0.0,1.0,34.0,33.0,54.0833,0.200258,4590.0,0,0,1,0,0,0,0,0,0,0,1,0,0,0,0,0,0,0,1,0,0,0,0,1,0,0,1.517252621741035,1.3549697913141647,-0.6489440280106794,0.1204560426827718
116,0.0,1.0,24.0,25.0,79.45830000000002,0.147392,5115.0,0,1,0,0,0,0,0,0,1,0,0,0,0,0,0,0,0,0,1,0,0,0,0,0,1,0,0.6237984004347147,0.5494107416060577,1.1212250694478978,-0.5552300558498523
117,0.0,1.0,30.0,31.0,75.79169999999998,0.225129,4040.0,0,0,1,0,0,0,0,0,0,0,1,0,0,0,0,0,0,0,0,0,0,1,0,0,1,0,1.1598709332185069,1.153580028887138,0.865441738896501,0.4383349999824521
118,0.0,1.0,13.0,17.0,91.0,0.138054,2765.0,0,0,0,1,0,0,0,0,0,0,0,0,0,0,1,0,0,1,0,0,0,0,0,0,0,1,-0.35900124300223746,-0.25614830810204925,1.926378199384355,-0.6745800499499854
119,0.0,1.0,22.0,25.0,50.375,0.258713,7525.0,0,0,1,0,0,0,0,0,0,0,0,0,1,0,0,0,0,1,0,0,0,0,0,1,0,0,0.4451075561734507,0.5494107416060577,-0.9076363655123794,0.8675757583738506
120,0.0,0.0,18.0,21.0,64.0417,0.278612,6639.0,0,0,0,1,0,0,0,0,0,0,0,0,0,1,0,0,1,0,0,0,0,0,0,1,0,0,0.08772586765092262,0.14663121675200425,0.04575752628021671,1.1219070426529845
121,0.0,1.0,12.0,15.0,73.73910000000002,0.288783,2077.0,0,1,0,0,0,0,1,0,0,0,0,0,0,0,0,0,0,1,0,0,0,0,0,0,1,0,-0.44834666513286947,-0.45753807052907597,0.722251626997254,1.2519037003947335
122,0.0,0.0,29.0,30.0,53.04170000000001,0.122512,6544.0,0,0,1,0,0,0,0,0,0,0,0,1,0,0,0,0,1,0,0,0,0,0,0,1,0,0,1.0705255110878749,1.0528851476736245,-0.7216064174456678,-0.8732240431288538
123,0.0,1.0,20.0,23.0,81.5,0.134954,5424.0,0,0,0,1,0,0,0,0,0,0,0,0,0,1,0,0,0,0,0,0,0,1,0,0,1,0,0.26641671191218663,0.34802097917903096,1.2636547934392726,-0.7142014872717262
124,0.0,1.0,30.0,31.0,65.45830000000001,0.233208,3805.0,0,0,1,0,0,0,0,0,0,0,0,1,0,0,0,0,0,0,0,0,1,0,0,1,0,0,1.1598709332185069,1.153580028887138,0.14458005016040676,0.5415935780864334
125,0.0,1.0,26.0,27.0,79.375,0.06654600000000001,7572.0,0,0,0,1,0,0,0,0,0,0,0,0,0,1,0,0,0,0,0,1,0,0,0,0,1,0,0.8024892446959787,0.7508005040330845,1.1154140315831356,-1.5885315789832184
126,0.0,1.0,23.0,25.0,71.6956,0.324474,3348.0,0,1,0,0,0,0,0,1,0,0,0,0,0,0,0,0,0,1,0,0,0,0,0,0,1,0,0.5344529783040827,0.5494107416060577,0.579696334360539,1.7080742550561014
127,0.0,1.0,19.0,22.0,70.1667,0.110087,4748.0,0,0,0,1,0,0,0,0,0,0,0,0,0,1,0,0,0,0,1,0,0,0,0,0,1,0,0.17707128978155465,0.2473260979655176,0.4730397222184936,-1.0320293201361523
128,0.0,1.0,20.0,23.0,80.7917,0.121271,6093.0,1,0,0,0,0,0,1,0,0,0,0,0,0,0,0,0,0,0,1,0,0,0,0,1,0,0,0.26641671191218663,0.34802097917903096,1.214243531499178,-0.8890853991663633
129,0.0,1.0,8.0,13.0,56.875,0.148021,3910.0,0,0,0,1,0,0,0,0,0,0,0,0,0,0,1,0,0,0,0,0,0,1,0,1,0,0,-0.8057283536553975,-0.6589278329561027,-0.4541940351289019,-0.5471907384061828
130,0.0,1.0,-1.0,4.0,42.3043,0.094113,1917.0,1,0,0,0,0,1,0,0,0,0,0,0,0,0,0,0,0,0,0,1,0,0,0,1,0,0,-1.6098371528310857,-1.565181763877723,-1.4706512910240614,-1.2361947523224375
131,0.0,1.0,12.0,15.0,74.125,0.342667,3456.0,1,0,0,0,1,0,0,0,0,0,0,0,0,0,0,0,0,0,0,0,0,1,0,0,1,0,-0.44834666513286947,-0.45753807052907597,0.7491721493503268,1.9406009676994647
132,0.0,1.0,1.0,5.0,50.875,0.174754,5375.0,0,0,0,1,0,0,0,0,0,0,0,0,0,0,0,1,0,0,0,0,1,0,0,1,0,0,-1.4311463085698217,-1.4644868826642097,-0.8727561862521119,-0.20551335649583158
133,0.0,0.0,1.0,4.0,48.3333,0.350754,1796.0,1,0,0,0,0,0,0,0,0,0,0,0,0,0,0,1,1,0,0,0,0,0,0,1,0,0,-1.4311463085698217,-1.565181763877723,-1.0500660895037557,2.0439617946739537
134,0.0,1.0,26.0,25.0,89.79169999999998,0.124379,3544.0,0,0,1,0,0,0,0,0,0,0,0,0,1,0,0,0,0,0,0,0,0,1,0,0,1,0,0.8024892446959787,0.5494107416060577,1.842086758183991,-0.8493617129741151
135,0.0,1.0,21.0,24.0,78.95830000000002,0.212692,2843.0,0,1,0,0,0,0,0,0,1,0,0,0,0,0,0,0,0,1,0,0,0,0,0,0,1,0,0.35576213404281865,0.44871586039254435,1.0863448901876303,0.27937634966939173
136,0.0,1.0,18.0,21.0,69.4583,0.149871,7290.0,0,1,0,0,0,0,0,1,0,0,0,0,0,0,0,0,0,0,0,0,0,1,0,1,0,0,0.08772586765092262,0.14663121675200425,0.4236214842425458,-0.5235456871012732
137,0.0,1.0,24.0,25.0,69.91669999999999,0.17288299999999998,4839.0,0,0,0,1,0,0,0,0,0,0,0,0,1,0,0,0,0,0,0,0,1,0,0,1,0,0,0.6237984004347147,0.5494107416060577,0.45559963258835884,-0.22942681108582416
138,0.0,1.0,11.0,14.0,37.5833,0.417908,1913.0,1,0,0,0,0,1,0,0,0,0,0,0,0,0,0,0,0,1,0,0,0,0,0,1,0,0,-0.5376920872635015,-0.5582329517425894,-1.7999899435995068,2.902264375933361
139,0.0,0.0,22.0,24.0,81.08330000000002,0.192175,4191.0,0,1,0,0,0,0,0,1,0,0,0,0,0,0,0,0,1,0,0,0,0,0,0,0,1,0,0.4451075561734507,0.44871586039254435,1.2345856520437672,0.017146340143536994
140,0.0,1.0,-1.0,4.0,61.6957,0.129796,1985.0,1,0,0,0,1,0,0,0,0,0,0,0,0,0,0,0,0,0,1,0,0,0,0,0,1,0,-1.6098371528310857,-1.565181763877723,-0.11790027480895865,-0.780126446531577
141,0.0,0.0,36.0,35.0,48.0833,0.16481300000000002,4302.0,0,0,1,0,0,0,0,0,0,0,1,0,0,0,0,0,1,0,0,0,0,0,0,1,0,0,1.695943466002299,1.5563595537411914,-1.0675061791338893,-0.3325703592104838
142,0.0,0.0,29.0,30.0,66.6667,0.102,4744.0,0,1,0,0,0,0,0,0,0,1,0,0,0,0,0,0,1,0,0,0,0,0,0,0,1,0,1.0705255110878749,1.0528851476736245,0.2288784673966211,-1.1353901471106416
143,0.0,1.0,23.0,25.0,48.7083,0.284833,6998.0,0,1,0,0,0,0,0,0,0,1,0,0,0,0,0,0,0,1,0,0,0,0,0,1,0,0,0.5344529783040827,0.5494107416060577,-1.023905955058555,1.2014183205815478
144,0.0,1.0,1.0,5.0,77.5417,0.264308,1526.0,1,0,0,0,0,1,0,0,0,0,0,0,0,0,0,0,0,0,0,1,0,0,0,0,1,0,-1.4311463085698217,-1.4644868826642097,0.9875223663074392,0.939086062185185
145,0.0,1.0,22.0,25.0,61.4167,0.241925,3944.0,0,1,0,0,0,0,0,1,0,0,0,0,0,0,0,0,0,0,0,1,0,0,0,1,0,0,0.4451075561734507,0.5494107416060577,-0.13736341483618816,0.6530065036134051
146,0.0,1.0,20.0,23.0,83.7917,0.277354,4123.0,0,1,0,0,0,0,0,0,1,0,0,0,0,0,0,0,0,0,1,0,0,0,0,0,1,0,0.26641671191218663,0.34802097917903096,1.423524607060783,1.1058284077656453
147,0.0,0.0,14.0,18.0,69.8333,0.208954,3071.0,0,0,0,1,0,0,0,0,0,0,0,0,0,0,1,0,1,0,0,0,0,0,0,1,0,0,-0.26965582087160544,-0.15545342688853586,0.4497816186877464,0.23160056492466086
148,0.0,1.0,30.0,30.0,42.375,0.164796,4792.0,0,0,1,0,0,0,0,0,0,0,0,1,0,0,0,0,0,0,0,0,1,0,0,1,0,0,1.1598709332185069,1.0528851476736245,-1.4657192336766593,-0.33278763806031286
149,0.0,0.0,-3.0,2.0,65.1739,0.14536500000000002,1098.0,1,0,0,0,1,0,0,0,0,0,0,0,0,0,0,0,0,0,0,0,0,0,1,1,0,0,-1.7885279970923498,-1.76657152630475,0.12474020419716626,-0.581137363414745
150,0.0,0.0,17.0,20.0,48.3333,0.258083,5217.0,0,0,0,1,0,0,0,0,0,0,0,0,0,1,0,0,0,0,0,0,0,0,1,1,0,0,-0.0016195544797093877,0.04593633553849087,-1.0500660895037557,0.8595236598213676
151,0.0,1.0,8.0,11.0,71.2174,0.346539,1461.0,1,0,0,0,0,1,0,0,0,0,0,0,0,0,0,0,0,0,0,0,0,1,0,0,1,0,-0.8057283536553975,-0.8603175953831295,0.5463369309160192,1.9900894210251998
152,0.0,1.0,24.0,26.0,62.74999999999999,0.10635,8156.0,0,0,0,1,0,0,0,0,0,0,0,0,0,1,0,0,0,0,0,0,0,1,0,1,0,0,0.6237984004347147,0.6501056228195711,-0.04435192882075925,-1.07979232377207
153,0.0,1.0,14.0,17.0,69.2917,0.101371,7461.0,0,0,0,1,0,0,0,0,0,0,0,0,0,1,0,0,0,0,0,1,0,0,0,1,0,0,-0.26965582087160544,-0.25614830810204925,0.41199940851302547,-1.1434294645543106
154,0.0,1.0,18.0,21.0,51.6667,0.264925,2927.0,1,0,0,0,0,1,0,0,0,0,0,0,0,0,0,0,0,0,0,0,0,1,0,1,0,0,0.08772586765092262,0.14663121675200425,-0.8175269104114045,0.9469720063230932
155,0.0,1.0,1.0,5.0,59.0,0.155471,3095.0,1,0,0,0,0,0,0,0,0,0,0,0,0,0,0,1,0,0,0,0,0,1,0,0,1,0,-1.4311463085698217,-1.4644868826642097,-0.305953273272765,-0.4519714777458711
156,0.0,1.0,38.0,39.0,48.875,0.165417,5463.0,0,0,1,0,0,0,0,0,0,1,0,0,0,0,0,0,0,0,0,0,0,1,0,1,0,0,1.874634310263563,1.959139078595245,-1.012276903293182,-0.3248505694871512
157,0.0,0.0,10.0,14.0,83.54169999999998,0.344546,1027.0,0,1,0,0,0,0,0,1,0,0,0,0,0,0,0,0,1,0,0,0,0,0,0,0,0,1,-0.6270375093941335,-0.5582329517425894,1.4060845174306473,1.964616671159965
158,0.0,0.0,36.0,36.0,51.87500000000001,0.16852899999999998,5531.0,0,0,1,0,0,0,0,0,0,0,1,0,0,0,0,0,1,0,0,0,0,0,0,1,0,0,1.695943466002299,1.6570544349547047,-0.8029958277315764,-0.28507575885964936
159,0.0,0.0,9.0,13.0,78.91669999999998,0.251871,2077.0,1,0,0,0,0,0,1,0,0,0,0,0,0,0,0,0,0,0,0,0,0,0,1,0,1,0,-0.7163829315247655,-0.6589278329561027,1.0834428592731729,0.780127411872125
160,0.0,0.0,7.0,11.0,53.4583,0.190929,4318.0,1,0,0,0,0,1,0,0,0,0,0,0,0,0,0,0,0,0,0,0,0,0,1,1,0,0,-0.8950737757860295,-0.8603175953831295,-0.6925442520860138,0.0012210785619596767
161,0.0,1.0,-1.0,3.0,45.0,0.20275,3163.0,1,0,0,0,1,0,0,0,0,0,0,0,0,0,0,0,0,0,0,0,0,1,0,0,1,0,-1.6098371528310857,-1.6658766450912363,-1.282598292560255,0.15230656584592608
162,0.0,1.0,13.0,17.0,76.16669999999998,0.1903,6392.0,0,0,0,1,0,0,0,0,0,0,0,0,0,1,0,0,0,0,1,0,0,0,0,0,1,0,-0.35900124300223746,-0.25614830810204925,0.8916018733417016,-0.006818238881709493
163,0.0,0.0,6.0,9.0,50.2083,0.224496,3663.0,0,0,0,1,0,0,0,0,0,0,0,0,0,0,1,0,0,0,0,0,0,0,1,1,0,0,-0.9844191979166615,-1.0617073578101561,-0.9192654172777525,0.430244558103529
164,0.0,1.0,5.0,9.0,29.0,0.187192,5102.0,0,1,0,0,0,0,1,0,0,0,0,0,0,0,0,0,0,0,1,0,0,0,0,1,0,0,-1.0737646200472937,-1.0617073578101561,-2.3987640288888152,-0.04654192507395774
165,0.0,0.0,23.0,24.0,86.5417,0.2133,4459.0,0,0,1,0,0,0,0,0,0,0,1,0,0,0,0,0,0,0,0,0,0,0,1,0,0,1,0.5344529783040827,0.44871586039254435,1.6153655929922541,0.2871472638279782
166,0.0,1.0,25.0,27.0,45.5417,0.146763,5895.0,0,0,1,0,0,0,0,0,0,0,0,1,0,0,0,0,0,0,1,0,0,0,0,1,0,0,0.7131438225653467,0.7508005040330845,-1.2448091063496813,-0.5632693732935216
167,0.0,1.0,30.0,30.0,63.3333,0.15173299999999998,7264.0,0,0,1,0,0,0,0,0,0,0,1,0,0,0,0,0,0,0,0,1,0,0,0,1,0,0,1.1598709332185069,1.0528851476736245,-0.003660711695730601,-0.49974726249060236
168,0.0,0.0,13.0,16.0,25.4167,0.274871,6857.0,0,1,0,0,0,0,0,1,0,0,0,0,0,0,0,0,0,0,0,0,0,0,1,1,0,0,-0.35900124300223746,-0.35684318931556264,-2.648736321575448,1.0740929145818123
169,0.0,1.0,7.0,11.0,80.4783,0.179117,1834.0,1,0,0,0,0,1,0,0,0,0,0,0,0,0,0,0,0,0,0,1,0,0,0,0,1,0,-0.8950737757860295,-0.8603175953831295,1.1923806351388422,-0.14974937874268507
170,0.0,1.0,26.0,27.0,72.2917,0.117546,7328.0,0,0,0,1,0,0,0,0,0,0,0,0,0,1,0,0,0,0,0,0,1,0,0,0,1,0,0.8024892446959787,0.7508005040330845,0.6212804840746304,-0.9366950294965194
171,0.0,1.0,6.0,11.0,70.3333,0.10635,3669.0,0,0,0,1,0,0,0,0,0,0,0,0,0,1,0,0,0,1,0,0,0,0,0,1,0,0,-0.9844191979166615,-0.8603175953831295,0.4846617979480139,-1.07979232377207
172,0.0,0.0,20.0,23.0,66.41669999999999,0.268025,7965.0,0,0,0,1,0,0,0,0,0,0,0,0,0,1,0,0,0,0,0,0,0,0,1,1,0,0,0.26641671191218663,0.34802097917903096,0.21143837776648636,0.9865934436448336
173,0.0,1.0,33.0,33.0,59.2083,0.192175,4326.0,0,0,1,0,0,0,0,0,0,0,0,1,0,0,0,0,0,1,0,0,0,0,0,1,0,0,1.427907199610403,1.3549697913141647,-0.2914221905929375,0.017146340143536994
174,0.0,1.0,25.0,27.0,63.0833,0.2444,7733.0,0,0,0,1,0,0,0,0,0,0,0,0,1,0,0,0,0,0,0,1,0,0,0,1,0,0,0.7131438225653467,0.7508005040330845,-0.021100801325864352,0.6846397479267302
175,0.0,1.0,14.0,18.0,77.2083,0.118792,4187.0,0,0,0,1,0,0,0,0,0,0,0,0,0,1,0,0,0,1,0,0,0,0,0,1,0,0,-0.26965582087160544,-0.15545342688853586,0.9642642627766921,-0.9207697679149425
176,0.0,0.0,-11.0,-6.0,40.0,0.17197,981.0,1,0,0,0,1,0,0,0,0,0,0,0,0,0,0,0,0,0,0,0,0,0,1,1,0,0,-2.503291374137406,-2.572130576012857,-1.63140008516293,-0.24109596343251705
177,0.0,0.0,3.0,5.0,39.5833,0.421642,2732.0,1,0,0,0,0,1,0,0,0,0,0,0,0,0,0,0,0,0,0,0,0,0,1,1,0,0,-1.2524554643085577,-1.4644868826642097,-1.6604692265584369,2.9499890362428385
178,0.0,1.0,11.0,16.0,96.25,0.118792,1607.0,0,0,0,1,0,0,0,0,0,0,0,0,0,0,1,0,0,0,1,0,0,0,0,0,0,1,-0.5376920872635015,-0.35684318931556264,2.2926200816171636,-0.9207697679149425
179,0.0,1.0,34.0,36.0,65.0417,0.1306,4541.0,0,0,1,0,0,0,0,0,0,0,1,0,0,0,0,0,0,0,1,0,0,0,0,1,0,0,1.517252621741035,1.6570544349547047,0.11551788480075172,-0.7698504350455514
180,0.0,1.0,13.0,17.0,47.7917,0.386821,5558.0,0,1,0,0,0,0,1,0,0,0,0,0,0,0,0,0,0,1,0,0,0,0,0,1,0,0,-0.35900124300223746,-0.25614830810204925,-1.0878482996784775,2.504938046249185
181,0.0,1.0,20.0,22.0,87.0,0.201492,3855.0,0,1,0,0,0,0,0,0,1,0,0,0,0,0,0,0,0,0,0,1,0,0,0,0,1,0,0.26641671191218663,0.2473260979655176,1.647336765302215,0.1362279309585874
182,0.0,1.0,34.0,34.0,59.2083,0.11381199999999997,6211.0,0,1,0,0,0,0,0,0,0,1,0,0,0,0,0,0,0,0,0,1,0,0,0,1,0,0,1.517252621741035,1.455664672527678,-0.2914221905929375,-0.9844196898059969
183,0.0,1.0,34.0,33.0,55.0833,0.156717,4266.0,0,0,1,0,0,0,0,0,0,0,0,1,0,0,0,0,0,1,0,0,0,0,0,1,0,0,1.517252621741035,1.3549697913141647,-0.5791836694901443,-0.4360462161642941
184,0.0,1.0,13.0,16.0,48.5,0.324021,5729.0,0,0,0,1,0,0,0,0,0,0,0,0,0,0,0,1,0,0,0,1,0,0,0,1,0,0,-0.35900124300223746,-0.35684318931556264,-1.0384370377383825,1.702284412763602
185,0.0,1.0,7.0,9.0,66.29169999999999,0.342046,4094.0,0,0,0,1,0,0,0,0,0,0,0,0,0,0,1,0,0,0,1,0,0,0,0,0,1,0,-0.8950737757860295,-1.0617073578101561,0.20271833295141947,1.9326638991263032
186,0.0,1.0,7.0,11.0,52.2083,0.266175,5847.0,0,0,0,1,0,0,0,0,0,0,0,0,0,0,1,0,0,0,0,0,0,1,0,1,0,0,-0.8950737757860295,-0.8603175953831295,-0.7797447002366825,0.9629483923399237
187,0.0,0.0,24.0,26.0,53.04170000000001,0.254367,7129.0,0,1,0,0,0,0,0,0,1,0,0,0,0,0,0,0,1,0,0,0,0,0,0,1,0,0,0.6237984004347147,0.6501056228195711,-0.7216064174456678,0.8120290594705328
188,0.0,1.0,31.0,4.0,57.0833,0.231354,7148.0,0,0,1,0,0,0,0,0,0,0,0,1,0,0,0,0,0,0,0,0,0,1,0,1,0,0,1.2492163553491389,-1.565181763877723,-0.43966295244907433,0.5178974023462699
189,0.0,0.0,29.0,30.0,67.41669999999999,0.104467,5191.0,0,0,1,0,0,0,0,0,0,0,0,1,0,0,0,0,0,0,0,0,0,0,1,1,0,0,1.0705255110878749,1.0528851476736245,0.28119873628702136,-1.103859151667824
190,0.0,1.0,3.0,7.0,54.0,0.116929,3831.0,1,0,0,0,0,1,0,0,0,0,0,0,0,0,0,0,0,0,0,0,0,1,0,0,1,0,-1.2524554643085577,-1.263097120237183,-0.65475506587544,-0.9445809736344271
191,0.0,0.0,27.0,28.0,76.25,0.093921,7410.0,0,0,1,0,0,0,0,0,0,0,1,0,0,0,0,0,1,0,0,0,0,0,0,0,1,0,0.8918346668266107,0.8514953852465978,0.8974129112064637,-1.2386487252146225
192,0.0,1.0,18.0,22.0,58.7083,0.306596,4486.0,0,0,0,1,0,0,0,0,0,0,0,0,0,0,1,0,0,1,0,0,0,0,0,1,0,0,0.08772586765092262,0.2473260979655176,-0.326302369853205,1.4795735916889796
193,0.0,0.0,30.0,31.0,68.25,0.228858,4649.0,0,0,1,0,0,0,0,0,0,0,1,0,0,0,0,0,1,0,0,0,0,0,0,0,1,0,1.1598709332185069,1.153580028887138,0.3393300430421837,0.48599575474786205
194,0.0,0.0,22.0,24.0,56.99999999999999,0.090183,7333.0,0,0,1,0,0,0,0,0,0,0,0,0,1,0,0,0,1,0,0,0,0,0,0,1,0,0,0.4451075561734507,0.44871586039254435,-0.4454739903138355,-1.2864245099593536
195,0.0,1.0,25.0,26.0,67.25,0.103863,8009.0,0,0,1,0,0,0,0,0,0,0,0,0,1,0,0,0,0,0,0,0,0,1,0,1,0,0,0.7131438225653467,0.6501056228195711,0.26956968452164876,-1.1115789413911568
196,0.0,1.0,14.0,18.0,56.99999999999999,0.171638,5572.0,0,1,0,0,0,0,0,1,0,0,0,0,0,0,0,0,0,1,0,0,0,0,0,0,1,0,-0.26965582087160544,-0.15545342688853586,-0.4454739903138355,-0.2453392915585873
197,0.0,1.0,16.0,19.0,62.0833,0.134954,4765.0,0,0,0,1,0,0,0,0,0,0,0,0,0,1,0,0,0,0,0,0,1,0,0,1,0,0,-0.0909649766103414,-0.0547585456750225,-0.09086115984639935,-0.7142014872717262
198,0.0,1.0,-4.0,-1.0,45.7083,0.353242,1543.0,1,0,0,0,1,0,0,0,0,0,0,0,0,0,0,0,0,0,0,0,0,1,0,1,0,0,-1.8778734192229818,-2.06865616994529,-1.23318703062016,2.0757611934018536
199,0.0,1.0,25.0,27.0,74.625,0.155475,4010.0,0,1,0,0,0,0,0,0,0,1,0,0,0,0,0,0,0,1,0,0,0,0,0,0,1,0,0.7131438225653467,0.7508005040330845,0.7840523286105944,-0.4519203533106172
200,0.0,1.0,3.0,8.0,62.2174,0.1538,3784.0,1,0,0,0,0,1,0,0,0,0,0,0,0,0,0,0,0,1,0,0,0,0,0,1,0,0,-1.2524554643085577,-1.1624022390236697,-0.08150629576879585,-0.47332871057317066
201,0.0,1.0,5.0,8.0,49.41670000000001,0.236325,5259.0,0,0,0,1,0,0,0,0,0,0,0,0,0,0,1,0,0,1,0,0,0,0,0,1,0,0,-1.0737646200472937,-1.1624022390236697,-0.9744877170826072,0.5814322942580029
202,0.0,1.0,27.0,28.0,84.4167,0.208967,5870.0,0,0,1,0,0,0,0,0,0,0,1,0,0,0,0,0,0,0,0,0,0,1,0,0,1,0,0.8918346668266107,0.8514953852465978,1.4671248311361174,0.23176671933923607
203,0.0,0.0,28.0,29.0,51.3333,0.094533,5305.0,0,0,1,0,0,0,0,0,0,1,0,0,0,0,0,0,1,0,0,0,0,0,0,1,0,0,0.9811800889572427,0.9521902664601112,-0.8407850139421507,-1.2308266866207822
204,1.0,0.0,9.0,12.0,54.9167,0.167304,1495.0,0,0,0,1,0,0,0,0,0,0,0,0,0,0,1,0,0,0,0,0,1,0,0,1,0,0,-0.7163829315247655,-0.7596227141696161,-0.5908057452196657,-0.3007326171561433
205,0.0,1.0,32.0,33.0,65.125,0.215804,4458.0,0,0,1,0,0,0,0,0,0,0,1,0,0,0,0,0,0,1,0,0,0,0,0,1,0,0,1.338561777479771,1.3549697913141647,0.12132892266551187,0.3191511602968939
206,0.0,0.0,23.0,25.0,50.79169999999999,0.225129,7132.0,0,1,0,0,0,0,0,1,0,0,0,0,0,0,0,0,1,0,0,0,0,0,0,1,0,0,0.5344529783040827,0.5494107416060577,-0.878567224116873,0.4383349999824521
207,0.0,1.0,31.0,34.0,74.125,0.187808,7112.0,0,0,1,0,0,0,0,0,0,0,0,0,1,0,0,0,0,0,0,1,0,0,0,1,0,0,1.2492163553491389,1.455664672527678,0.7491721493503268,-0.03866876204486342
208,0.0,0.0,23.0,25.0,86.25,0.07838300000000001,5423.0,0,0,0,1,0,0,0,0,0,0,0,0,1,0,0,0,0,0,0,0,0,0,1,0,1,0,0.5344529783040827,0.5494107416060577,1.5950164964118139,-1.4372415939582368
209,0.0,1.0,19.0,22.0,66.41669999999999,0.230721,6273.0,0,1,0,0,0,0,0,0,1,0,0,0,0,0,0,0,0,1,0,0,0,0,0,0,1,0,0.17707128978155465,0.2473260979655176,0.21143837776648636,0.5098069604673469
210,0.0,1.0,19.0,22.0,63.29169999999999,0.120642,4182.0,0,1,0,0,0,0,0,0,1,0,0,0,0,0,0,0,0,0,0,1,0,0,0,1,0,0,0.17707128978155465,0.2473260979655176,-0.006562742610185529,-0.8971247166100327
211,0.0,1.0,9.0,14.0,82.70830000000002,0.06220800000000001,3811.0,0,0,0,1,0,0,0,0,0,0,0,0,0,0,0,1,0,1,0,0,0,0,0,0,1,0,-0.7163829315247655,-0.5582329517425894,1.3479462346396365,-1.6439760290160281
212,0.0,1.0,23.0,25.0,57.7083,0.131846,7870.0,0,0,1,0,0,0,0,0,0,0,0,0,1,0,0,0,0,0,0,1,0,0,0,1,0,0,0.5344529783040827,0.5494107416060577,-0.39606272837373996,-0.7539251734639745
213,0.0,1.0,25.0,26.0,73.54169999999998,0.162938,6296.0,0,1,0,0,0,0,0,0,1,0,0,0,0,0,0,0,0,0,0,0,0,1,0,1,0,0,0.7131438225653467,0.6501056228195711,0.7084809322252973,-0.35653493823573024
214,0.0,1.0,34.0,36.0,59.66670000000001,0.28481300000000004,6861.0,0,0,1,0,0,0,0,0,0,0,1,0,0,0,0,0,0,0,0,0,1,0,0,1,0,0,1.517252621741035,1.6570544349547047,-0.2594440422471234,1.201162698405279
215,0.0,1.0,28.0,29.0,55.2083,0.112562,7697.0,0,0,1,0,0,0,0,0,0,0,0,1,0,0,0,0,0,0,0,1,0,0,0,1,0,0,0.9811800889572427,0.9521902664601112,-0.5704636246750775,-1.0003960758228274
216,0.0,1.0,32.0,32.0,63.1667,0.146133,4342.0,0,0,1,0,0,0,0,0,0,0,1,0,0,0,0,0,0,0,0,1,0,0,0,1,0,0,1.338561777479771,1.2542749101006514,-0.015282787425251907,-0.5713214718460041
217,0.0,0.0,23.0,25.0,62.6667,0.12065,5805.0,0,1,0,0,0,0,0,0,1,0,0,0,0,0,0,0,0,0,0,0,0,0,1,1,0,0,0.5344529783040827,0.5494107416060577,-0.05016296668551941,-0.8970224677395251
218,0.0,1.0,3.0,8.0,59.4348,0.205717,3777.0,1,0,0,0,0,1,0,0,0,0,0,0,0,0,0,0,0,0,1,0,0,0,0,1,0,0,-1.2524554643085577,-1.1624022390236697,-0.2756214693880362,0.1902281156954758
219,0.0,0.0,21.0,23.0,68.2917,0.283587,6624.0,0,1,0,0,0,0,0,1,0,0,0,0,0,0,0,0,0,0,0,0,0,0,1,1,0,0,0.35576213404281865,0.34802097917903096,0.34223904999249044,1.1854930589999706
220,0.0,1.0,30.0,30.0,30.5,0.292287,4968.0,0,1,0,0,0,0,0,0,0,1,0,0,0,0,0,0,0,0,0,0,1,0,0,1,0,0,1.1598709332185069,1.0528851476736245,-2.2941234911080124,1.296688705677114
221,0.0,0.0,0.0,5.0,46.8333,0.1505,2424.0,0,0,0,1,0,0,0,0,0,0,0,0,0,0,1,0,1,0,0,0,0,0,0,1,0,0,-1.5204917307004537,-1.4644868826642097,-1.154706627284558,-0.5155063696576041
222,0.0,1.0,-4.0,1.0,68.63640000000001,0.122132,1263.0,1,0,0,0,1,0,0,0,0,0,0,0,0,0,0,0,0,0,1,0,0,0,0,0,1,0,-1.8778734192229818,-1.8672664075182632,0.3662854455745191,-0.8780808644779703
223,0.0,1.0,25.0,25.0,88.5417,0.118171,4120.0,0,0,0,1,0,0,0,0,0,0,0,0,1,0,0,0,0,0,1,0,0,0,0,0,1,0,0.7131438225653467,0.5494107416060577,1.7548863100333243,-0.9287068364881039
224,0.0,1.0,13.0,16.0,60.29170000000001,0.16231199999999998,3141.0,0,1,0,0,0,0,0,1,0,0,0,0,0,0,0,0,0,0,0,0,1,0,0,1,0,0,-0.35900124300223746,-0.35684318931556264,-0.21584381817178905,-0.36453591235295935
225,0.0,0.0,36.0,35.0,46.5833,0.168537,4475.0,0,0,1,0,0,0,0,0,0,0,1,0,0,0,0,0,0,0,0,0,0,0,1,1,0,0,1.695943466002299,1.5563595537411914,-1.172146716914692,-0.28497350998914156
226,0.0,0.0,0.0,5.0,51.5417,0.13308299999999998,1787.0,1,0,0,0,0,0,0,0,0,0,0,0,0,0,0,1,1,0,0,0,0,0,0,1,0,0,-1.5204917307004537,-1.4644868826642097,-0.8262469552264713,-0.7381149418617188
227,0.0,1.0,32.0,32.0,69.41669999999999,0.138683,6966.0,0,0,1,0,0,0,0,0,0,0,1,0,0,0,0,0,0,1,0,0,0,0,0,1,0,0,1.338561777479771,1.2542749101006514,0.42071945332809135,-0.6665407325063163
228,0.0,1.0,34.0,33.0,44.7083,0.195267,6227.0,0,0,1,0,0,0,0,0,0,0,1,0,0,0,0,0,0,1,0,0,0,0,0,1,0,0,1.517252621741035,1.3549697913141647,-1.302947389140695,0.0566655285947696
229,0.0,1.0,9.0,13.0,68.5,0.082725,5634.0,0,0,0,1,0,0,0,0,0,0,0,0,0,0,1,0,0,0,1,0,0,0,0,0,1,0,-0.7163829315247655,-0.6589278329561027,0.3567701326723175,-1.3817460194901732
230,0.0,0.0,25.0,26.0,50.41670000000001,0.166667,7702.0,0,1,0,0,0,0,0,0,0,1,0,0,0,0,0,0,0,0,0,0,0,0,1,1,0,0,0.7131438225653467,0.6501056228195711,-0.9047273585620722,-0.3088741834703203
231,1.0,0.0,16.0,19.0,74.16669999999998,0.173517,6269.0,0,0,0,1,0,0,0,0,0,0,0,0,0,0,1,0,0,1,0,0,0,0,0,1,0,0,-0.0909649766103414,-0.0547585456750225,0.7520811563006317,-0.22132358809808725
232,0.0,1.0,14.0,17.0,83.08330000000002,0.258092,2914.0,0,0,0,1,0,0,0,0,0,0,0,0,0,0,1,0,0,0,1,0,0,0,0,0,1,0,-0.26965582087160544,-0.25614830810204925,1.3741063690848372,0.8596386898006885
233,0.0,1.0,11.0,15.0,60.29170000000001,0.209579,2744.0,1,0,0,0,0,0,1,0,0,0,0,0,0,0,0,0,0,0,0,0,1,0,0,1,0,0,-0.5376920872635015,-0.45753807052907597,-0.21584381817178905,0.2395887579330761
234,0.0,0.0,15.0,18.0,37.91670000000001,0.368167,3117.0,1,0,0,0,0,0,1,0,0,0,0,0,0,0,0,0,0,0,0,0,0,0,1,1,0,0,-0.1803103987409734,-0.15545342688853586,-1.7767318400687597,2.2665192424428144
235,0.0,1.0,22.0,24.0,90.0,0.096404,4352.0,0,0,1,0,0,0,0,0,0,0,0,0,1,0,0,0,0,0,0,1,0,0,0,0,1,0,0.4451075561734507,0.44871586039254435,1.85661784086382,-1.2069132320307898
236,1.0,0.0,31.0,31.0,68.5,0.131225,4098.0,0,1,0,0,0,0,0,0,1,0,0,0,0,0,0,0,0,1,0,0,0,0,0,1,0,0,1.2492163553491389,1.153580028887138,0.3567701326723175,-0.7618622420371358
237,0.0,0.0,12.0,16.0,65.9167,0.1275,6852.0,0,0,0,1,0,0,0,0,0,0,0,0,0,0,1,0,1,0,0,0,0,0,0,1,0,0,-0.44834666513286947,-0.35684318931556264,0.17655819850621984,-0.8094718723672918
238,0.0,1.0,31.0,31.0,68.4583,0.2954,5743.0,0,1,0,0,0,0,0,0,1,0,0,0,0,0,0,0,0,0,1,0,0,0,0,1,0,0,1.2492163553491389,1.153580028887138,0.3538611257220108,1.3364762974134292
239,0.0,0.0,5.0,10.0,54.54170000000001,0.179729,5629.0,0,0,0,1,0,0,0,0,0,0,0,0,0,0,1,0,0,0,0,0,0,0,1,1,0,0,-1.0737646200472937,-0.9610124765966428,-0.6169658796648653,-0.14192734014884467
240,0.0,0.0,16.0,20.0,50.29170000000001,0.190917,7460.0,0,1,0,0,0,0,0,1,0,0,0,0,0,0,0,0,0,0,0,0,0,0,1,1,0,0,-0.0909649766103414,0.04593633553849087,-0.913447403377139,0.001067705256198302
241,0.0,1.0,35.0,36.0,57.7083,0.137442,5713.0,0,0,1,0,0,0,0,0,0,0,1,0,0,0,0,0,0,0,0,1,0,0,0,1,0,0,1.606598043871667,1.6570544349547047,-0.39606272837373996,-0.6824020885438258
242,0.0,1.0,10.0,14.0,37.7083,0.300388,6460.0,0,1,0,0,0,0,0,1,0,0,0,0,0,0,0,0,0,0,0,0,0,1,0,1,0,0,-0.6270375093941335,-0.5582329517425894,-1.79126989878444,1.400228468174991
243,0.0,0.0,26.0,27.0,71.375,0.115054,5046.0,0,0,1,0,0,0,0,0,0,0,0,0,1,0,0,0,1,0,0,0,0,0,0,1,0,0,0.8024892446959787,0.7508005040330845,0.5573311634188556,-0.9685455526596733
244,0.0,1.0,2.0,7.0,52.41670000000001,0.129987,3272.0,1,0,0,0,1,0,0,0,0,0,0,0,0,0,0,0,0,0,0,0,1,0,0,1,0,0,-1.3418008864391897,-1.263097120237183,-0.7652066415210022,-0.7776852547482053
245,0.0,1.0,2.0,6.0,41.0,0.168533,3392.0,0,0,0,1,0,0,0,0,0,0,0,0,0,0,1,0,0,0,0,0,0,1,0,1,0,0,-1.3418008864391897,-1.3637920014506963,-1.561639726642395,-0.28502463442439546
246,0.0,1.0,33.0,34.0,67.7083,0.207092,3974.0,0,1,0,0,0,0,0,0,0,1,0,0,0,0,0,0,0,0,0,1,0,0,0,0,1,0,1.427907199610403,1.455664672527678,0.3015408568316095,0.20780214031398955
247,0.0,0.0,5.0,9.0,62.375,0.176617,3331.0,0,0,0,1,0,0,0,0,0,0,0,0,0,1,0,0,1,0,0,0,0,0,0,1,0,0,-1.0737646200472937,-1.0617073578101561,-0.07051206326595938,-0.18170215077634683
248,0.0,0.0,32.0,32.0,57.8333,0.183471,4881.0,0,0,1,0,0,0,0,0,0,0,1,0,0,0,0,0,1,0,0,0,0,0,0,1,0,0,1.338561777479771,1.2542749101006514,-0.38734268355867313,-0.09410043096885987
249,0.0,1.0,33.0,33.0,62.0417,0.1561,7286.0,0,0,1,0,0,0,0,0,0,0,0,1,0,0,0,0,0,0,0,0,1,0,0,1,0,0,1.427907199610403,1.3549697913141647,-0.09376319076085378,-0.44393216030220195
250,0.0,1.0,12.0,15.0,63.41670000000001,0.268042,3709.0,0,0,0,1,0,0,0,0,0,0,0,0,0,0,0,1,0,0,0,0,1,0,0,0,1,0,-0.44834666513286947,-0.45753807052907597,0.0021573022048828336,0.9868107224946624
251,0.0,1.0,26.0,28.0,63.91670000000001,0.141796,5115.0,0,0,1,0,0,0,0,0,0,0,0,0,1,0,0,0,0,0,0,0,1,0,0,1,0,0,0.8024892446959787,0.8514953852465978,0.03703748146515033,-0.6267531407700007
252,0.0,1.0,4.0,7.0,31.4167,0.226996,2425.0,0,1,0,0,0,0,1,0,0,0,0,0,0,0,0,0,0,0,1,0,0,0,0,1,0,0,-1.1631100421779257,-1.263097120237183,-2.230174170452238,0.4621973301371908
253,0.0,1.0,20.0,22.0,80.0417,0.124375,7359.0,0,0,0,1,0,0,0,0,0,0,0,0,0,1,0,0,0,0,0,0,1,0,0,0,1,0,0.26641671191218663,0.2473260979655176,1.1619232626087768,-0.849412837409369
254,0.0,1.0,14.0,17.0,55.45830000000001,0.190913,5062.0,1,0,0,0,0,1,0,0,0,0,0,0,0,0,0,0,0,0,0,0,1,0,0,1,0,0,-0.26965582087160544,-0.25614830810204925,-0.5530235350449433,0.0010165808209443921
255,0.0,0.0,17.0,21.0,48.6667,0.281717,5041.0,0,0,0,1,0,0,0,0,0,0,0,0,0,1,0,0,1,0,0,0,0,0,0,1,0,0,-0.0016195544797093877,0.14663121675200425,-1.0268079859730095,1.161592385518792
256,0.0,1.0,17.0,21.0,63.0833,0.187821,7691.0,0,0,0,1,0,0,0,0,0,0,0,0,0,1,0,0,0,0,0,1,0,0,0,1,0,0,-0.0016195544797093877,0.14663121675200425,-0.021100801325864352,-0.038502607630288566
257,0.0,1.0,25.0,27.0,68.8333,0.206471,3767.0,0,1,0,0,0,0,0,0,0,1,0,0,0,0,0,0,0,0,0,0,1,0,0,0,1,0,0.7131438225653467,0.7508005040330845,0.3800212601672114,0.19986507174082785
258,0.0,0.0,28.0,28.0,60.3333,0.177867,7865.0,0,0,1,0,0,0,0,0,0,0,0,1,0,0,0,0,0,0,0,0,0,0,1,1,0,0,0.9811800889572427,0.8514953852465978,-0.2129417872573356,-0.16572576475951595
259,0.0,1.0,5.0,9.0,62.0417,0.15298699999999998,5445.0,0,0,0,1,0,0,0,0,0,0,0,0,0,0,1,0,0,0,0,0,1,0,0,0,1,0,-1.0737646200472937,-1.0617073578101561,-0.09376319076085378,-0.4837197520385176
260,0.0,0.0,26.0,28.0,65.25,0.138692,4906.0,0,1,0,0,0,0,0,0,0,1,0,0,0,0,0,0,1,0,0,0,0,0,0,0,1,0,0.8024892446959787,0.8514953852465978,0.13004896748057876,-0.666425702526995
261,0.0,1.0,9.0,13.0,68.625,0.274246,2209.0,1,0,0,0,0,0,0,0,0,0,0,0,0,0,0,1,0,0,0,0,0,1,0,1,0,0,-0.7163829315247655,-0.6589278329561027,0.3654901774873844,1.0661047215733972
262,0.0,1.0,9.0,12.0,71.6087,0.34913,2935.0,1,0,0,0,1,0,0,0,0,0,0,0,0,0,0,0,0,0,1,0,0,0,0,0,1,0,-0.7163829315247655,-0.7596227141696161,0.5736341592051046,2.023205273960887
263,0.0,1.0,17.0,21.0,68.41669999999999,0.022392,4985.0,0,0,0,1,0,0,0,0,0,0,0,0,0,1,0,0,0,0,0,0,0,1,0,1,0,0,-0.0016195544797093877,0.14663121675200425,0.3509590948075563,-2.1528686575329385
264,0.0,0.0,18.0,21.0,54.125,0.16045,4714.0,0,1,0,0,0,0,0,0,1,0,0,0,0,0,0,0,0,0,0,0,0,0,1,1,0,0,0.08772586765092262,0.14663121675200425,-0.6460350210603731,-0.3883343369636303
265,0.0,0.0,-9.0,-5.0,43.6522,0.2466,986.0,1,0,0,0,1,0,0,0,0,0,0,0,0,0,0,0,1,0,0,0,0,0,0,1,0,0,-2.324600529876142,-2.4714356947993434,-1.376621303774232,0.7127581873163527
266,0.0,0.0,27.0,28.0,79.91669999999998,0.281104,5976.0,0,0,1,0,0,0,0,0,0,0,0,0,1,0,0,0,0,0,0,0,0,0,1,0,1,0,0.8918346668266107,0.8514953852465978,1.153203217793708,1.1537575658161383
267,0.0,0.0,18.0,21.0,72.0,0.235692,7852.0,0,0,0,1,0,0,0,0,0,0,0,0,0,1,0,0,0,0,0,0,0,0,1,0,1,0,0.08772586765092262,0.14663121675200425,0.60093138749419,0.5733418523790799
268,1.0,0.0,21.0,23.0,73.375,0.042304,5117.0,0,0,0,1,0,0,0,0,0,0,0,0,0,1,0,0,0,1,0,0,0,0,0,1,0,0,0.35576213404281865,0.34802097917903096,0.6968518804599256,-1.8983712188392292
269,1.0,0.0,27.0,28.0,56.16670000000001,0.284829,6370.0,0,1,0,0,0,0,0,1,0,0,0,0,0,0,0,0,0,1,0,0,0,0,0,1,0,0,0.8918346668266107,0.8514953852465978,-0.5036052970689959,1.201367196146294
270,0.0,1.0,-6.0,-3.0,44.125,0.365671,2236.0,1,0,0,0,1,0,0,0,0,0,0,0,0,0,0,0,0,0,1,0,0,0,0,1,0,0,-2.056564263484246,-2.2700459323723168,-1.343638606265723,2.2346175948444067
271,0.0,1.0,-1.0,2.0,86.25,0.29385,506.0,1,0,0,0,1,0,0,0,0,0,0,0,0,0,0,0,0,0,0,1,0,0,0,0,0,1,-1.6098371528310857,-1.76657152630475,1.5950164964118139,1.316665578752559
272,0.0,0.0,28.0,29.0,58.5,0.208342,5923.0,0,0,1,0,0,0,0,0,0,0,1,0,0,0,0,0,0,0,0,0,0,0,1,1,0,0,0.9811800889572427,0.9521902664601112,-0.3408334525330325,0.22377852633082043
273,0.0,0.0,9.0,12.0,94.8261,0.343287,605.0,1,0,0,0,0,0,1,0,0,0,0,0,0,0,0,0,1,0,0,0,0,0,0,0,1,0,-0.7163829315247655,-0.7596227141696161,2.193288307119774,1.9485252551638128
274,0.0,0.0,-0.0,4.0,48.375,0.188433,1204.0,1,0,0,0,1,0,0,0,0,0,0,0,0,0,0,0,1,0,0,0,0,0,0,1,0,0,-1.5204917307004537,-1.565181763877723,-1.0471570825534493,-0.030680569036448162
275,0.0,1.0,7.0,10.0,46.9565,0.295274,4862.0,0,1,0,0,0,0,0,1,0,0,0,0,0,0,0,0,0,0,0,1,0,0,0,1,0,0,-0.8950737757860295,-0.9610124765966428,-1.1461121511148284,1.3348658777029325
276,0.0,1.0,15.0,18.0,62.29170000000001,0.166658,4687.0,0,0,0,1,0,0,0,0,0,0,0,0,0,1,0,0,0,0,1,0,0,0,0,1,0,0,-0.1803103987409734,-0.15545342688853586,-0.07632310113071904,-0.3089892134496416
277,0.0,1.0,24.0,26.0,63.7083,0.082721,7804.0,0,0,1,0,0,0,0,0,0,0,0,0,1,0,0,0,0,0,0,0,1,0,0,1,0,0,0.6237984004347147,0.6501056228195711,0.022499422749470026,-1.381797143925427
278,0.0,0.0,4.0,9.0,61.29170000000001,0.095783,3614.0,0,0,0,1,0,0,0,0,0,0,0,0,0,0,0,1,0,0,0,0,0,0,1,1,0,0,-1.1631100421779257,-1.0617073578101561,-0.14608345965125405,-1.2148503006039515
279,0.0,1.0,-3.0,3.0,68.75,0.113837,431.0,1,0,0,0,1,0,0,0,0,0,0,0,0,0,0,0,0,0,0,0,1,0,0,1,0,0,-1.7885279970923498,-1.6658766450912363,0.37421022230245127,-0.98410016208566
280,0.0,0.0,29.0,29.0,73.2917,0.206479,6299.0,0,0,1,0,0,0,0,0,0,0,0,1,0,0,0,0,0,0,0,0,0,0,1,0,1,0,1.0705255110878749,0.9521902664601112,0.6910408425951655,0.19996732061133568
281,0.0,0.0,5.0,9.0,45.7391,0.260883,1589.0,1,0,0,0,0,1,0,0,0,0,0,0,0,0,0,0,1,0,0,0,0,0,0,1,0,0,-1.0737646200472937,-1.0617073578101561,-1.2310384115777275,0.8953107644990683
282,0.0,0.0,21.0,23.0,48.0417,0.123133,7429.0,0,1,0,0,0,0,0,0,1,0,0,0,0,0,0,0,0,0,0,0,0,0,1,1,0,0,0.35576213404281865,0.34802097917903096,-1.0704082100483439,-0.865286974555692
283,0.0,1.0,26.0,28.0,67.0,0.134329,6855.0,0,1,0,0,0,0,0,0,1,0,0,0,0,0,0,0,0,0,0,1,0,0,0,0,1,0,0.8024892446959787,0.8514953852465978,0.252129594891515,-0.7221896802801414
284,0.0,1.0,4.0,9.0,64.95830000000001,0.058471,5668.0,0,0,0,1,0,0,0,0,0,0,0,0,0,0,1,0,0,0,0,0,0,1,0,1,0,0,-1.1631100421779257,-1.0617073578101561,0.10969987090013927,-1.691739032651946
285,0.0,0.0,32.0,33.0,71.7917,0.166667,6031.0,0,0,1,0,0,0,0,0,0,0,1,0,0,0,0,0,1,0,0,0,0,0,0,1,0,0,1.338561777479771,1.3549697913141647,0.586400304814363,-0.3088741834703203
286,0.0,1.0,8.0,13.0,58.0833,0.138067,5459.0,0,1,0,0,0,0,1,0,0,0,0,0,0,0,0,0,0,0,0,0,0,1,0,0,1,0,-0.8057283536553975,-0.6589278329561027,-0.36990259392853936,-0.6744138955354105
287,0.0,1.0,-1.0,4.0,91.125,0.110708,2432.0,1,0,0,0,1,0,0,0,0,0,0,0,0,0,0,0,0,1,0,0,0,0,0,0,1,0,-1.6098371528310857,-1.565181763877723,1.9350982441994218,-1.0240922515629909
288,0.0,0.0,9.0,13.0,52.73909999999999,0.270604,2417.0,1,0,0,0,0,0,1,0,0,0,0,0,0,0,0,0,1,0,0,0,0,0,0,1,0,0,-0.7163829315247655,-0.6589278329561027,-0.7427159019339831,1.019555923274759
289,0.0,1.0,25.0,26.0,37.3333,0.347642,7442.0,0,0,1,0,0,0,0,0,0,1,0,0,0,0,0,0,0,0,1,0,0,0,0,1,0,0,0.7131438225653467,0.6501056228195711,-1.8174300332296407,2.0041869840464517
290,0.0,0.0,12.0,15.0,67.625,0.172267,6041.0,0,1,0,0,0,0,0,1,0,0,0,0,0,0,0,0,1,0,0,0,0,0,0,0,1,0,-0.44834666513286947,-0.45753807052907597,0.29572981896684936,-0.23729997411491813
291,0.0,1.0,20.0,23.0,56.99999999999999,0.236321,7538.0,0,0,0,1,0,0,0,0,0,0,0,0,1,0,0,0,0,0,1,0,0,0,0,1,0,0,0.26641671191218663,0.34802097917903096,-0.4454739903138355,0.581381169822749
292,0.0,1.0,10.0,13.0,51.3333,0.345779,4916.0,1,0,0,0,0,0,1,0,0,0,0,0,0,0,0,0,0,0,0,1,0,0,0,1,0,0,-0.6270375093941335,-0.6589278329561027,-0.8407850139421507,1.9803757783269669
293,0.0,1.0,20.0,23.0,53.6667,0.215175,7591.0,0,0,1,0,0,0,0,0,0,0,0,0,1,0,0,0,0,0,0,1,0,0,0,1,0,0,0.26641671191218663,0.34802097917903096,-0.6780061933703344,0.31111184285322474
294,0.0,1.0,20.0,23.0,70.75,0.296037,5875.0,0,0,0,1,0,0,0,0,0,0,0,0,0,1,0,0,0,1,0,0,0,0,0,0,1,0,0.26641671191218663,0.34802097917903096,0.5137309393435212,1.3446178637276063
295,0.0,1.0,25.0,24.0,90.2083,0.128125,4795.0,0,0,1,0,0,0,0,0,0,0,0,0,1,0,0,0,0,0,0,0,1,0,0,0,1,0,0.7131438225653467,0.44871586039254435,1.8711489235436471,-0.8014836793588765
296,0.0,1.0,38.0,39.0,54.25,0.174138,3846.0,0,0,1,0,0,0,0,0,0,0,1,0,0,0,0,0,0,0,0,0,0,1,0,1,0,0,1.874634310263563,1.959139078595245,-0.6373149762453063,-0.2133865195249259
297,0.0,0.0,13.0,16.0,45.8333,0.281721,3717.0,0,0,0,1,0,0,0,0,0,0,0,0,0,0,1,0,1,0,0,0,0,0,0,1,0,0,-0.35900124300223746,-0.35684318931556264,-1.2244669858050932,1.1616435099540459
298,1.0,0.0,30.0,32.0,67.625,0.196521,6043.0,0,1,0,0,0,0,0,0,1,0,0,0,0,0,0,0,0,1,0,0,0,0,0,1,0,0,1.1598709332185069,1.2542749101006514,0.29572981896684936,0.07269303904685438
299,0.0,1.0,9.0,13.0,81.3333,0.189067,2933.0,0,0,0,1,0,0,0,0,0,0,0,0,0,0,1,0,0,0,0,0,1,0,0,0,1,0,-0.7163829315247655,-0.6589278329561027,1.252025741673899,-0.02257734604871125
300,0.0,1.0,21.0,23.0,77.79169999999998,0.174746,5099.0,0,1,0,0,0,0,0,0,0,1,0,0,0,0,0,0,0,1,0,0,0,0,0,0,1,0,0.35576213404281865,0.34802097917903096,1.004962455937571,-0.20561560536633905
301,0.0,1.0,14.0,17.0,93.0,0.136829,1817.0,0,0,0,1,0,0,0,0,0,0,0,0,0,0,1,0,0,0,0,1,0,0,0,0,0,1,-0.26965582087160544,-0.25614830810204925,2.065898916425425,-0.6902369082464797
302,0.0,0.0,-5.0,-1.0,53.5833,0.266804,959.0,1,0,0,0,1,0,0,0,0,0,0,0,0,0,0,0,0,0,0,0,0,0,1,0,1,0,-1.9672188413536138,-2.06865616994529,-0.6838242072709468,0.9709877097835928
303,0.0,0.0,3.0,6.0,31.125000000000004,0.24005,3243.0,1,0,0,0,1,0,0,0,0,0,0,0,0,0,0,0,1,0,0,0,0,0,0,1,0,0,-1.2524554643085577,-1.3637920014506963,-2.250523267032678,0.629041924588159
304,0.0,0.0,23.0,25.0,74.9583,0.148008,4660.0,0,1,0,0,0,0,0,0,1,0,0,0,0,0,0,0,1,0,0,0,0,0,0,1,0,0,0.5344529783040827,0.5494107416060577,0.8073034561054883,-0.5473568928207581
305,0.0,1.0,2.0,5.0,30.2174,0.212204,2028.0,0,1,0,0,0,0,1,0,0,0,0,0,0,0,0,0,0,1,0,0,0,0,0,1,0,0,-1.3418008864391897,-1.4644868826642097,-2.3138377684259157,0.27313916856842113
306,0.0,1.0,5.0,8.0,76.66669999999998,0.303496,3214.0,0,1,0,0,0,0,0,1,0,0,0,0,0,0,0,0,0,1,0,0,0,0,0,0,1,0,-1.0737646200472937,-1.1624022390236697,0.9264820526019691,1.4399521543672391
307,0.0,1.0,21.0,24.0,52.33330000000001,0.136817,7639.0,0,1,0,0,0,0,0,0,1,0,0,0,0,0,0,0,0,0,0,0,0,1,0,1,0,0,0.35576213404281865,0.44871586039254435,-0.7710246554216151,-0.6903902815522415
308,0.0,1.0,30.0,31.0,75.75,0.19715,4576.0,0,0,1,0,0,0,0,0,0,0,0,1,0,0,0,0,0,0,0,0,1,0,0,0,1,0,1.1598709332185069,1.153580028887138,0.8625327319461963,0.08073235649052356
309,0.0,1.0,33.0,35.0,64.25,0.215792,7175.0,0,0,1,0,0,0,0,0,0,0,0,1,0,0,0,0,0,0,0,0,0,1,0,0,1,0,1.427907199610403,1.5563595537411914,0.060288608960043746,0.3189977869911325
310,0.0,1.0,33.0,35.0,64.5,0.164187,6830.0,0,0,1,0,0,0,0,0,0,0,1,0,0,0,0,0,0,1,0,0,0,0,0,1,0,0,1.427907199610403,1.5563595537411914,0.0777286985901775,-0.34057133332771283
311,0.0,1.0,5.0,8.0,52.6667,0.17849600000000002,4151.0,1,0,0,0,0,1,0,0,0,0,0,0,0,0,0,0,0,0,0,0,0,1,0,1,0,0,-1.0737646200472937,-1.1624022390236697,-0.7477665518908694,-0.15768644731584644
312,0.0,1.0,5.0,9.0,82.54549999999998,0.213009,1096.0,0,0,0,1,0,0,0,0,0,0,0,0,0,1,0,0,0,0,1,0,0,0,0,0,1,0,-1.0737646200472937,-1.0617073578101561,1.3365892482724901,0.2834279611632602
313,0.0,0.0,24.0,26.0,75.66669999999998,0.15299200000000002,6883.0,0,1,0,0,0,0,0,0,1,0,0,0,0,0,0,0,0,0,0,0,0,0,1,0,1,0,0.6237984004347147,0.6501056228195711,0.8567216940814341,-0.4836558464944498
314,0.0,0.0,27.0,27.0,75.375,0.153608,5345.0,0,0,1,0,0,0,0,0,0,0,0,0,1,0,0,0,0,0,0,0,0,0,1,1,0,0,0.8918346668266107,0.7508005040330845,0.8363725975009957,-0.47578268346535585
315,0.0,1.0,13.0,16.0,40.8333,0.155471,6398.0,0,1,0,0,0,0,0,1,0,0,0,0,0,0,0,0,0,0,0,0,0,1,0,1,0,0,-0.35900124300223746,-0.35684318931556264,-1.5732687784077681,-0.4519714777458711
316,0.0,0.0,4.0,8.0,54.25,0.190304,1011.0,1,0,0,0,0,0,0,0,0,0,0,0,0,0,0,1,0,0,0,0,0,0,1,1,0,0,-1.1631100421779257,-1.1624022390236697,-0.6373149762453063,-0.006767114446455583
317,0.0,1.0,26.0,27.0,69.2174,0.088913,4713.0,0,0,1,0,0,0,0,0,0,0,0,0,1,0,0,0,0,1,0,0,0,0,0,1,0,0,0.8024892446959787,0.7508005040330845,0.40681621387494915,-1.3026565181524536
318,0.0,1.0,16.0,19.0,71.0,0.205854,4456.0,0,0,0,1,0,0,0,0,0,0,0,0,0,1,0,0,0,0,1,0,0,0,0,1,0,0,-0.0909649766103414,-0.0547585456750225,0.531171028973655,0.1919791276029204
319,0.0,1.0,32.0,33.0,63.41670000000001,0.144283,4648.0,0,0,1,0,0,0,0,0,0,1,0,0,0,0,0,0,0,0,1,0,0,0,0,1,0,0,1.338561777479771,1.3549697913141647,0.0021573022048828336,-0.594966523150914
320,0.0,0.0,19.0,22.0,72.75,0.06345,5511.0,0,0,0,1,0,0,0,0,0,0,0,0,0,1,0,0,1,0,0,0,0,0,0,1,0,0,0.17707128978155465,0.2473260979655176,0.6532516563845913,-1.628101891869705
321,0.0,1.0,7.0,11.0,76.95830000000002,0.073396,4075.0,1,0,0,0,1,0,0,0,0,0,0,0,0,0,0,0,0,0,0,0,1,0,0,0,1,0,-0.8950737757860295,-0.8603175953831295,0.9468241731465603,-1.5009809836109853
322,0.0,1.0,24.0,26.0,77.45830000000002,0.102,5260.0,0,1,0,0,0,0,0,0,1,0,0,0,0,0,0,0,0,0,0,1,0,0,0,0,1,0,0.6237984004347147,0.6501056228195711,0.9817043524068277,-1.1353901471106416
323,0.0,1.0,32.0,34.0,65.4167,0.129354,7013.0,0,0,1,0,0,0,0,0,0,0,0,1,0,0,0,0,0,1,0,0,0,0,0,0,1,0,1.338561777479771,1.455664672527678,0.14167801924595233,-0.7857756966271283
324,0.0,1.0,19.0,22.0,48.9167,0.115671,4803.0,0,1,0,0,0,0,0,0,1,0,0,0,0,0,0,0,0,0,1,0,0,0,0,1,0,0,0.17707128978155465,0.2473260979655176,-1.0093678963428756,-0.9606596085217657
325,0.0,1.0,27.0,28.0,69.625,0.15423299999999998,4978.0,0,1,0,0,0,0,0,0,1,0,0,0,0,0,0,0,0,0,0,1,0,0,0,1,0,0,0.8918346668266107,0.8514953852465978,0.43525053600791935,-0.4677944904569406
326,0.0,0.0,11.0,15.0,70.8333,0.14116199999999998,3510.0,0,0,0,1,0,0,0,0,0,0,0,0,0,1,0,0,1,0,0,0,0,0,0,0,1,0,-0.5376920872635015,-0.45753807052907597,0.5195419772082814,-0.6348563637577376
327,0.0,0.0,8.0,12.0,83.875,0.100742,3786.0,0,0,0,1,0,0,0,0,0,0,0,0,0,0,0,1,1,0,0,0,0,0,0,0,1,0,-0.8057283536553975,-0.7596227141696161,1.4293356449255432,-1.15146878199798
328,0.0,1.0,5.0,10.0,49.6957,0.136926,2046.0,1,0,0,0,0,0,1,0,0,0,0,0,0,0,0,0,0,1,0,0,0,0,0,1,0,0,-1.0737646200472937,-0.9610124765966428,-0.9550245770553787,-0.6889971406915738
329,0.0,1.0,27.0,29.0,60.5,0.253108,5130.0,0,0,1,0,0,0,0,0,0,0,0,1,0,0,0,0,0,0,0,1,0,0,0,1,0,0,0.8918346668266107,0.9521902664601112,-0.20131273549196252,0.7959376434743807
330,0.0,1.0,2.0,8.0,73.83330000000002,0.045408,1712.0,1,0,0,0,0,1,0,0,0,0,0,0,0,0,0,0,0,1,0,0,0,0,0,1,0,0,-1.3418008864391897,-1.1624022390236697,0.7288230527698883,-1.858698657082235
